nx,   var,        cst
16,   0.048455,   0.048437
32,   0.0071427,  0.0071326
64,   0.0020354,  0.0030463
128,  0.0039610,  0.0017569
256,  3.9061e-04, 3.9070e-04